,Select City,
ZVG1,Aamgaon,
6,Aathikavundanur,
ZVJ95,Abhor,
ZVJ23,Abohar,
ZVG6,Achikkanam,
ADA,Adalaj,
ADM,Adaman,
AKL,Adavinekkalam,
ADL,Adilabad,
ADI,Adimali,
ADTYR,Adityapur,
ADO,Adoor,
AGA,Agartala,
AG,Agra,
ZVJ22,Agro Nagar,
ZUU7,Ahemadnagar,
AMD,Ahmedabad,
AHN,Ahmednagar,
AMR,Ajmer,
AKH,Akhnoor,
AKO,Akola,
3,Alampatti,
ALP,Alapuzha,
ABG,Alibag,
ALG,Aligarh,
ALI,Alipore,
ARJ,Alirajpur,
AHD,Allahabad,
ALY,Allepey,
ALM,Almora,
ZVF8,Alpattakulambu,
ALV,Aluva,
ALW,Alwar,
AMP,Amalapuram,
AMV,Amaravathi,
AMB,Ambala,
ABL,Ambalore,
ZVC0,Ambarnath,
ABM,Ambasamuthiram,
ZVA3,Ambattur,
ABH,Ambernath,
ABK,Ambikapur,
ARB,Ambur,
ZVJ94,Amirtstar,
AML,Amli,
AMI,Amreli,
AM,Amristar,
ZUY2,Amritsar,
AMH,Amroha,
AKP,Anakapalle,
ANA,Anand,
ANN,Anandapur,
ZVI78,Anantapur,
ATH,Ananthapur,
ANC,Anchal,
ADH,Andheri,
ZVE8,Andhra Pradesh,
ANP,Andipatti,
ANE,Anekal,
ANK,Angamally,
ANG,Angul,
ANJ,Anjora,
ZVB5,Anjur,
AKR,Ankaleshwar,
ZVJ04,Ankannagudem,
AK,Ankola,
ZVK23,Annur,
ZVK20,Anthiyur,
ANU,Anuppur,
ARK,Arakonam,
ARN,Arani,
ARC,Arcot,
ADE,Areacode,
ALR,Ariyalur,
ARP,Aruppukottai,
ASAN,Asansol,
AKN,Ashok Nagar,
AS,Assam,
ASD,Assandh,
ASN,Assansol,
ATI,Athani,
ZUP0,Atmakuru,
ATG,Attingal,
ZVI71,Attipalli,
ARA,Auraiya,
AUR,Aurangabad,
AURB,Aurangabad(Bihar),
ARV,Auroville,
AVA,Avalurpet,
AVN,Avanashi,
AVK,Avudayarkoil,
AZD,Azadpur,
AZM,Azamgarh,
BBA,Babha,
BAB,Babua,
BAD,Badaun,
BDD,Baddi,
BEP,Badlapur,
BVL,Badvel,
BGL,Bagalkot,
BRE,Baghapurane,
BPT,Baghpet,
BHR,Bahadurgarh,
BAH,Bahraich,
BKP,Baikanthpur,
BAK,Bakerwala,
BLG,Balaghat,
ZVJ13,Balanagar,
BSR,Balasore,
BGR,Ballabgarh,
ZVC2,Ballary,
BIA,Ballia,
BLD,Balod,
BABA,Baloda Bazar,
BLA,Balotra,
BLR,Balrampur,
BALL,Balur,
BAM,Bamnia,
BAL,Banarpal,
BNA,Banaskantha,
BANA,Banda,
BDP,Bandipur,
BGA,Banga,
BLRU,Bangalore,
ZVJ79,Bangalore East,
ZVK12,Bangalore Urban,
BNG,Bangalore(D),
ZVF3,Bangalroe,
BRP,Bangarpet,
ZUV3,Banglore,
ZUJ62,Banka,
BAN,Bankura,
ZUR3,Banmore,
BSA,Banswara,
BWL,Bantwal,
BARA,Barabanki,
ZVB6,Baramati,
BML,Baramulla,
BAA,Barasat,
BBL,Barbil,
BDM,Barddhaman,
ZVJ82,Bardez,
ZUU9,Bardhman,
BD,Bardoli,
ZVJ69,Bareilly,
BAG,Bargarh,
ZUL1,Bargawan,
BRL,Barielly,
BAR,Baripada,
BMR,Barmer,
BNL,Barnala,
BRD,Baroda,
ZUT8,Barotiwala,
BRWSN,Barrorttwala Solan ,
BRW,Barwani,
BKN,Basavakalyan,
ZUM7,Bashettihalli,
BPS,Basi Pathana,
BT,Basti,
BNT,Batinda,
BAW,Bawal,
ZUN0,Bawana,
BAZ,Bazpur,
BDI,Bedidi,
ZVC7,Bedrapalli,
BED,Beed,
BGV,Begoval,
BSI,Begusarai,
BEG,Belagavi,
BEL,Belgaum,
BLUM,Belgaum.,
BL,Bellary,
BOD,Belsonda,
ZVJ30,Belur,
BEM,Bematara,
ZVI74,Bengaluru,
BER,Beragora,
BMP,Berhampur,
BTL,Betul,
BHO,Bhadohi,
BDK,Bhadrak,
BDV,Bhadravathi,
BDV1,Bhadravathii,
ZUL4,Bhadravati,
ZUI4,Bhagabatipur,
BGP,Bhagalpur,
BHS,Bhainsori,
BDR,Bhandara,
ZUR4,Bhandup,
ZVJ24,Bhanpurm,
BRM,Bharamati,
BTP,Bharatpur,
BCH,Bharuch,
BWI,Bharwani,
ZVJ40,Bhaskarnagar,
BKL,Bhatkal,
BVN,Bhavani,
BNV,Bhavnagar,
BHA,Bhawanigarh,
BHW,Bhawanipatna,
BHY,Bhayander,
BHB,Bhilad,
BHI,Bhilai,
ZVK01,Bhilai Durg,
BHL,Bhilai.,
ZVB8,Bhilal,
BWR,Bhilwara,
BMV,Bhimavaram,
BHN,Bhindran,
BIW,Bhiwadi,
BWD,Bhiwandi,
BWN,Bhiwani,
BHP,Bhopal,
BS,Bhosari,
ZVJ80,Bhubaneshwar,
ZVF0,Bhubaneswar,
BDL,Bhudlada,
BHJ,Bhuj,
BHU,Bhuvanagiri,
BV,Bhuvaneshwar,
BI,Bidar,
BJP,Bijapur,
BIJ,Bijnore,
BIK,Bikaner,
BLI,Bilaspur,
BSP,Bilaspur(C),
BSH,Bilaspur(H.P),
BIM,Bilimora,
BIG,Binaguri,
ZVI5,Binanipuram,
BIS,Bistpur,
BLO,Blore,
ZVJ37,Bochu Peta,
BOK,Bodinayakkanur,
ZUK9,Bodwad,
BKR,Bokaro,
BON,Bongaigaon,
ZVH1,Botad,
BDN,Budaun,
BDG,Budgam,
BLS,Bulandshahar,
BHD,Buldhana,
BPR,Bundi,
BDW,Burdwan,
BRG,Burgarh,
BP,Burhanpur,
ZUO0,Byadgi,
CAL,Calicut,
CAN,Cannore,
ZVI92,Central Delhi,
ZVJ83,Chakgaria,
CHAK,Chakkan,
ZVI88,Chakkapalli,
ZVJ41,Chala,
CKD,Chalakudy,
CHL,Chalisgaon,
CHR,Chamarajanagr,
CML,Chamoli,
CMP,Champa,
CHA,Chamu,
ZUN2,Chandapura,
ZVH2,Chandauli,
CHG,Chandigarh,
CDR,Chandrapur,
CGY,Changanachery,
CDI,Charki Dadri,
CHS,Chas, Bokaro
CPR,Chatarpur,
CTN,Chathanoor,
ZVJ07,Chatrai,
ZVI84,Chattarpur,
CMR,Chembur,
ZVB3,Chengalpattu,
CGP,Chengalpet,
CHEN,Chengalpetchen,
CNG,Chengannur,
MAA,Chennai,
CPN,Chennapatna,
CMD,Cheranmahadevi,
CTA,Cherthala,
CHY,Cheyyar,
CYR,Cheyyar ,
CHH,Chhattisgarh,
ZVJ91,Chickaballapur,
CKR,Chickballapur,
ZVJ88,Chickkballapur,
CHK,Chickmagalore,
CDM,Chidambaram,
ZVJ12,Chikamberpur Ghaziabad,
ZUP6,Chikkaballapur,
CKP,Chilakaluripet,
ZVI79,Chillaboyinapalli,
CNV,Chindwara,
CSLM,Chinna Salem,
ZVI3,Chintalapudi,
CNI,Chintamani,
CHP,Chiplum,
CTR,Chitoor,
CD,Chitradurga,
CK,Chitrakoot,
ZUX4,Chittaurgarh,
ZVI94,Chittoor,
CTG,Chittorgarh,
4,Chittur,
CDL,Choondal,
CHOD,Chopda,
CHU,Churu,
CIN,Cingee,
CHN,Cochin,
CBE,Coimbatore,
ZUZ5,Coimbature,
CBH,Coochbihar,
CUD,Cuddalore,
CDP,Cuddapah,
CMM,Cumbum,
ZVJ35,Cuttack,
CUT,Cuttak,
DBL,Dabhel,
ZVG0,Dabhoi,
DNH,Dadra And Nagar Haveli,
DAJ,Daejeeling,
DAH,Dahang,
DHD,Dahod,
DKA,Dakshina,
DSA,Dakshina Kannada,
ZVJ78,Dakshine Kannada,
DLG,Daltonganj,
DAM,Daman,
DMI,Damdari,
DMH,Damoh,
DAN,Dandeli,
DDW,Dandewara,
DAG,Dangs,
DGN,Danguni,
DAA,Dappar,
DBG,Darbhanga,
ZVE1,Darjeeling,
DTI,Datia,
DAU,Dausa,
DVN,Davanagere,
ZVF2,Davangere,
DEH,Dehradun,
ZUU8,Delhi,
DE,Denkanikottai,
DEG,Deoghar,
DEO,Deoria,
DEP,Depalpur,
DER,Deradassi,
ZVE9,Devadurga,
DEV,Devakkottai,
DW,Dewas,
DBR,Dhabra,
DBW,Dhabwalli,
ZUK7,Dhamnod,
DHA,Dhamtari,
DBD,Dhanbad,
DD,Dhandhuka,
DDA,Dhangadhra,
DVM,Dhanuvachapuram,
DHR,Dhar,
DHG,Dharamgarh,
DRP,Dharapuram,
DHB,Dharbanga,
ZVI83,Dharmajigudem,
DMP,Dharmapuri,
DMS,Dharmashala,
DRU,Dharuhera,
DAR,Dharwad,
DWR,Dharwar,
DJP,Dheerajpur,
DNL,Dhenkanal,
DLR,Dholpur,
DHO,Dhoraji,
DUL,Dhule,
DHU,Dhuri,
DIG,Digboi,
DIM,Dimapur,
DIA,Dinajpore,
DIN,Dindigul,
DIN1,Dindugal,
DIJ,Dinjan,
DIP,Diphu,
ZVJ71,Dist Ahmedabad,
DIS,Dist.Chandauli,
ZVI93,Dodballapur,
ZUM1,Doddaballapura,
DMV,Dombivilli,
ZVA2,Dombivli,
ZVJ06,Dommeru,
ZUK6,Dongargaon,
DRH,Doraha,
DHF,Duhuria,
DUJ,Duliajan,
DMK,Dumka,
ZVJ21,Dundigal,
DUN,Dungarpur,
DRG,Durg,
DPR,Durgapur,
ZUU4,Dwarka,
DMW,Distt. Mewat ,
GDH,East Godavari,
ZVI91,East Godavari Dist,
EDP,Edappal,
EDA,Edayar,
ZVJ00,Egmore,
ELR,Elluru,
ELU,Elumalai,
ZVI96,Eluru,
ETA,Erattupeta,
ERK,Erna,
ENK,Ernakulam,
ERD,Erode,
ETV,Etawah,
ETM,Ettamanoor,
FZD,Faizabad,
FLD,Falodi,
FRD,Faridabad,
FKT,Faridkot,
ZVJ96,Farridabad,
FKP,Farukabad,
FTP,Fatehabad,
FSG,Fatehgarh Sahib,
ZUY5,Fatehpur,
FTR,Fathepur,
FZK,Fazikot,
FAZ,Fazilka,
ZUU5,Firozabad,
FRZ,Firozpur,
FRB,Forbesganj,
FWT,Fort Worth,
GUN,Funa,
GB,Gabbur,
GAG,Gadag,
GRP,Gadarpur,
GRR,Gadarwara,
GDR,Gadchiroli,
GG,Gaggal,
ZVK10,Gagnapahad,
GAJ,Gajraula,
ZVJ28,Gandhi Nagar,
GDM,Gandhidham,
GN,Gandhinagar,
GNR,Ganganagar,
GAN,Gangavati,
GGK,Gangtok,
GJM,Ganjam,
ZVJ14,Gannavaram,
GAR,Garia,
GRN,Gariyaband,
ZVJ90,Gauribidanur,
GAU,Gautam Nagar,
GBN,Gautambudh Nagar,
GY,Gaya,
ZVI6,Gaziabad,
GEN,General,
ZVJ62,Ghatikopar (E) Mumbai,
ZVK08,Ghatlodia,
GZB,Ghaziabad,
ZVI1,Giddaluru,
GIN,Gingee,
GRD,Giridih,
GOA,Goa,
GOL,Goalpara,
ZVK24,Gobi,
GOB,Gobichettipalayam,
GOD,Godhra,
GOK,Gokak,
GLG,Golaghat,
ZVJ84,Gomti Nagar,
GDA,Gonda,
GON,Gondia,
GPG,Gopalganj,
GP,Gopalpur,
ZVK16,Gopavaram,
GOP,Gopinathpur,
GKR,Gorakhpur,
GOR,Goregaon,
ZVJ19,Governorpet,
ZUP5,Gowribidanur,
ZVJ85,Gr. Noida West,
GNO,Greater Noida,
GUD,Gudiattham,
GUV,Gudivada,
ZVJ03,Gudlavalleru,
GU,Gudur,
GUDR,Gudur.,
GUDU,Guduvancheri,
GJ,Gujarat,
ZVJ46,Gulbaraga,
GUL,Gulburga,
GBP,Gummidipoondi,
GUU,Guna,
GUT,Guntakal,
GO,Guntur,
ZVF5,Gurazala,
GDS,Gurdaspur,
GUR,Gurgaon,
GURU,Gurugram,
GYR,Guruvayoor,
GWH,Guwahathi,
ZVJ27,Guwahati,
GWR,Gwalior,
HAB,Habsiguda,
ZVJ34,Hadapsar,
ZVG2,Halageri,
HAL,Haldwani,
HLK,Halkoti,
HLL,Halol,
HMP,Hamirpur(H.P),
HPR,Hamirpur(U.P),
HAG,Hangal,
HJP,Hanjipur,
HAN,Hannamkonda,
ZVI89,Hanuman Junction,
HGR,Hanumangarh,
ZUV1,Harayana,
HAR,Harda,
HRD,Hardoi,
HWR,Haridwar,
ZUL7,Harihara,
HGT,Haringhata,
HRP,Haripad,
ZUW1,Haryana,
HAS,Hassan,
HASS,Hassangarh,
HTR,Hathras,
HAGLE,Hatkanangale,
HKS,Hauz Khas,
HV,Haveri,
HZR,Hazaribag,
ZVK09,Himachal Pradesh,
HIM,Himmat Nagar,
HND,Hindupu,
HIND,Hindupur,
HNG,Hingoli,
HIR,Hirekerur,
HRR,Hiriyur,
HIS,Hissar,
HBI,Hobli,
HJ,Hojai,
HON,Honnavar,
ZUW3,Hooghly,
HUG,Hoogli,
HSD,Hosangabad,
HSP,Hoshiarpur,
HKT,Hoskote,
ZVB0,Hosour,
HOP,Hospet,
HOS,Hosur,
HWI,Howli,
HOW,Howrah,
ZUX6,Hubali,
ZUO1,Hubballi,
HBL,Hubli,
ZUJ0,Hullali,
ZUL9,Hunsur,
HYD,Hyderabad,
IH,Ichalkaranji,
IDA,Idar,
IDU,Idukki,
IMP,Imphal,
I,India,
INR,Indiranagar,
IND,Indore,
IDR,Indri,
ZUQ4,Indu,
ZVI2,Inkollu,
IRL,Irinchalkuda,
IKO,Irunkattukottai,
ISL,Islampur,
ITN,Itanagar,
ITR,Itarsi,
JB,Jabalpur,
JAD,Jaduguda,
JGD,Jagadhri,
JAG,Jagatpura,
JGS,Jagatsingpur,
JLP,Jagdhalpur,
JMT,Jaggampeta,
JGI,Jagitial,
JGN,Jaigaon,
JP,Jaipur,
JSL,Jaisalmer,
JTA,Jaitaran,
JAJ,Jajpur,
ZVB4,Jalana,
JL,Jalandhar,
JLG,Jalgaon,
JLB,Jallalabad,
JLN,Jalna,
JLR,Jalore,
JPI,Jalpaiguri,
JMN,Jam Nagar,
JMB,Jambusar,
JAN,Jamkhandi,
JMU,Jammu,
ZVJ38,Jammu & Kashmir,
ZVJ58,Jamnagar,
JMP,Jamnipali,
JD,Jamshedpur,
JAM,Jamvi,
ZVJ29,Janakpuri,
ZVJ02,Jangareddigudem,
JAR,Janjir,
JRK,Jarkhand,
ZUJ65,Jashpur,
JNP,Jaunpur,
JAW,Jawali,
JKM,Jayankondam,
JEJ,Jejpur,
ZUN3,Jevargi,
JAU,Jhabua,
JHG,Jhagadia,
JHA,Jhalawar,
JLD,Jhalod,
JNS,Jhansi,
JH,Jharkhand,
JRS,Jharsuguda,
JHU,Jhunjhunu ,
JND,Jind,
JDP,Jodhpur,
JOR,Jorabat,
JRT,Jorhat,
JGH,Junagadh,
JUA,Junagarh,
JWM,Jwala Mukhi,
ZUJ61,Kabirdham,
KAC,Kachchh,
KTR,Kadambatthur,
KAA,Kadapa,
ZVI97,Kailash Hills East,
KMR,Kaimur,
ZVG8,Kairady,
KTL,Kaithal,
KKN,Kakinada,
KAK,Kakinara,
ZVF7,Kakkanad,
KDI,Kaladi,
KALK,Kalakal,
ZUS2,Kalamassery,
KKV,Kaliakavilai,
KAL,Kalimpong,
KLK,Kallakurichi,
KAP,Kalpakkam,
KPT,Kalpetta,
ZUJ64,Kamareddy,
ZVJ09,Kamayyathopu,
KMI,Kampli,
ZVB1,Kancheepuram,
KP,Kanchipuram,
ZVG9,Kandukur,
KGV,Kangavly,
KGY,Kangeyam,
KNG,Kangra,
KAH,Kanhangad,
KNDU,Kanipadu,
KJP,Kanjirapally,
ZVJ48,Kanjurmar East,
KNK,Kanker,
ZUS1,Kankroli,
KANN,Kanna,
KNN,Kannauj,
KNR,Kannur,
KAN,Kanpur,
KY,Kanyakumari,
ZVJ39,Kapurbawdi,
KPR,Kapurthala,
KAD,Karad,
KAI,Karaikal,
KKI,Karaikudi,
KRM,Karamadai,
KGL,Kargil,
KIR,Karim Nagar,
ZVI81,Karimnagar,
KRL,Karkal,
KRN,Karnal,
KA,Karnataka,
KSW,Karsawan,
KKY,Karukutty,
KNY,Karunagapally,
KAR,Karur,
KWR,Karwar,
KSR,Kasarkode,
KSJ,Kasganj,
KSP,Kashipur,
KPU,Kashipur (Ut),
KSM,Kashmir,
KDA,Kasoda,
ZUZ9,Kathgodam,
KAT,Kathua,
KAS,Katihar,
KTI,Katni,
ZVI77,Katrenipadu,
KPA,Kattappana,
KVI,Kavali,
KVP,Kavarapet,
KAY,Kayalpattinam,
KYM,Kayamkulam,
ZUP1,Kembodi,
KDP,Kendrapara,
ZUJ4,Kendujar,
KEG,Kengeri,
KNJ,Keonjhar,
KE,Kerala,
ZVA4,Kerla,
KES,Kesinga,
ZUJ5,Khajauli,
KJH,Khajuraho,
KMN,Khamgon,
KMM,Khammam,
KWA,Khandwa,
KNW,Khandwa ,
KHA,Khanna,
KPO,Kharagpore,
ZVB9,Kharagpur,
KRG,Khargone,
KRK,Kharkoda,
KHAR,Kharsawan,
KUA,Kharupetia,
ZVJ42,Khed,
KHE,Kheda,
KH,Khedbrahma,
KRI,Kheri,
KHI,Khilchipur,
ZVB2,Kholapur,
KHO,Khopoli,
KHU,Khumano,
KRD,Khurda,
KUS,Khuskerakus,
KCA,Kicha(Uttaranchal),
KIC,Kichha,
KHG,Kishanganj,
KSH,Kishangarh,
ZUT0,Kochi,
KDD,Kodad,
KOG,Kodagu,
KDK,Kodaikanal,
KDM,Koderma,
ZUQ9,Kodumuru,
KDN,Kodungallur,
KOK,Kokrajhar,
KLA,Kolapuram,
KLR,Kolar,
ZUS0,Kolathur,
ZVG5,Kolenchery,
KHP,Kolhapur,
KKA,Kolkata,
KO,Kolkatta,
KOL,Kollam,
KLL,Kollegal,
ZUJ68,Komaram Bheem,
ZUP7,Kondamadugu,
ZVH3,Kondapur,
KOD,Kondotty,
KON,Konni,
KOO,Koopam,
KKM,Koothattukulam,
ZVG7,Koovappady,
KOP,Kopargaon,
KPP,Koppa,
KPL,Koppal,
KRP,Koraput,
KRB,Korba,
KRA,Koria,
KTA,Kota,
KGI,Kotagiri,
KDR,Kotdasangani, Dist.Rajkot 
KGM,Kothagudam,
ZVK18,Kothakota,
KMG,Kothamangalam,
KTP,Kotkapura,
KPI,Kotputli,
KKL,Kottakkal,
ZUJ6,Kottam Palli,
KTT,Kottarakara,
KOT,Kottayam,
KOI,Kottivakam,
KIM,Kottiyam,
KVL,Kovilpatti,
ZVI0,Kovvur,
ZVJ05,Kovvuru,
KOY,Koyilandy,
ZVK14,Koyyalagudem,
KOZ,Kozhencherry,
KOE,Kozhikode,
ZVI75,Krishna,
KSD,Krishna Dist.,
KG,Krishnagiri,
KPM,Krishnapuram,
ZVH5,Kudlur,
ZUI7,Kukatpally,
ZUN7,Kukkawada,
ZUO5,Kukke Subramanya,
KUK,Kukshi,
KLU,Kullu,
ZVH0,Kumaranellur,
KB,Kumbakonam,
KMT,Kumta,
ZVJ44,Kundali,
ZVJ49,Kundali Sonepa,
ZVJ25,Kundali Sonepat,
KUP,Kundapur ,
KUN,Kundla,
KNDLI,Kundli,
ZVK06,Kundli Sonipat,
ZVJ72,Kundli Sonipat Har,
KDN1,Kunduchira,
KNM,Kunnamkulam,
ZVK19,Kunnathur,
ZUO8,Kuppam,
KLI,Kurali,
ZVF9,Kuranniyoor,
KUR,Kuravilangad,
KNL,Kurnool,
ZVH4,Kurugodu,
KRS,Kurushetra,
GGH,Kushaiguda,
KSL,Kushal Nagar,
KSN,Kushinagar,
KCH,Kutch,
ZVK03,Labhandih,
LDK,Ladakh,
LAK,Lakhimpur,
LKN,Lakhnur,
LKG,Lakshmangudi,
LGI,Lalgudi,
LLP,Lalithpur,
ZVJ17,Lankasagar,
LTR,Lattur,
ZVJ67,Latur,
LEH,Leh,
LMB,Limbadi,
ZUR9,Limda,
ZVI4,Lingapalem,
LGS,Lingasugar,
LON,Lonavala,
LK,Lucknow,
ZUT6,Ludhiana,
ZVK04,Ludhiana Punjab,
LD,Ludiana,
ZUI2,Luhari,
LKH,Lukhisarai,
MAC,Machilipatnam,
MCH,Machiwara,
MAD,Madanapalle,
ZVJ36,Maddilapalem,
MHR,Madhapur,
ZUJ3,Madhupani,
ZUZ8,Madhya Pradesh,
MDG,Madikeri,
MDU,Madurai,
MTM,Madurantakam ,
MAH,Mahabalipuram,
MHBD,Mahaboobabad,
MHB,Mahabubabad,
MBN,Mahabubnagar,
MHD,Mahad,
MRJ,Maharajganj,
ZUW2,Maharashtra,
CHD,Maharastra,
ZUT7,Mahboobnagar,
MBB,Mahboobnaghar,
MHE,Mahe,
MGH,Mahendergarh,
MHJ,Mahesana,
MNI,Mainpuri,
MKR,Makrana,
MAP,Malapuram,
MLN,Malavya Nagar,
MAL,Malda,
MAE,Malegoan,
MAK,Maler Kotla,
ZUJ69,Malkangiri,
ZUS5,Malkapur,
MLR,Malur,
ZUJ7,Managalli,
MHY,Mananthavady,
MPI,Manapparai,
MCL,Mancherial,
MDI,Mandi,
MDH,Mandi Ahamadgarh,
MND,Mandideep,
MDA,Mandla,
MDR,Mandsaur,
MD,Mandvi,
MDY,Mandya,
MNS,Manesar,
MNG,Mangalore,
ZUT9,Mango,
MAO,Mangrol,
MMJ,Manimajura,
MPL,Manipal,
MPR,Manipur,
ZVJ75,Manisquare,
ZVJ55,Manjalpur,
MNJ,Manjeri,
MNR,Mannar,
MRK,Mannarkkad,
MNK,Mannarkudi,
MAN,Mansa,
MNA,Mansa1,
MRG,Maraimalai  Nagar,
ZVJ81,Margao,
MAR,Margoa,
MAM,Marthandam,
MAU,Marudur,
MAS,Masimpur,
MRU,Matheru,
MAT,Mathura,
MUA,Mau,
MAV,Mavelikara,
MAY,Mayiladudurai,
MNB,Mayurbhanj,
ZUM6,Medak,
MDD,Medak Dist,
ZUI3,Medchal,
ZVJ15,Medchal Manda,
MRT,Meerut,
MEG,Meghalaya,
MEH,Mehboobnagar,
MHS,Mehsana,
MPY,Metpally,
MET,Mettupalayam,
METT,Mettur,
MWT,Mewat,
MOW,Mhow,
MID,Midnapur,
MIR,Miraj,
MRZ,Mirzapur,
MIS,Missamari,
MIZ,Mizoram,
MOD,Modasa,
ZUR6,Modipuram,
MOG,Moga,
MOH,Mohali,
MHL,Mohali1,
ZVJ57,Mohamedwadi,
MOI,Mohindergarh,
MOR,Moradabad,
1,Morasapatti,
MBI,Morbi,
MRE,Morena,
MGN,Morigaon,
MRD,Morinda,
MOT,Motihari,
ZVJ76,Mowa Rajpur,
MDB,Muddebihal,
ZUM2,Mudhol,
MUK,Muktsar,
MUL,Mulbagal,
MUT,Multai,
MLW,Mulund West,
MUM,Mumbai,
SUM,Mumbai Suburban,
MDK,Mundakayam,
MGI,Mundargi,
MGR,Munger,
MUG,Munger  ,
ZUP4,Murbad,
MUR,Murhsidabad,
MUS,Mussoorie,
ZVH8,Musunuru,
MDP,Muthupet,
MUV,Muvattupuzha,
MUZ,Muzafarpur,
MUN,Muzaffar Nagar,
MYS,Mysore,
ZUZ6,Mysuru,
NPR,N.Paravur,
NAB,Nabha,
NTH,Nadathara,
NAD,Nadaun,
NDI,Nadia,
NDD,Nadiad,
NAG,Nagaland,
ZUM8,Nagalapuram,
NAO,Nagaon,
NPT,Nagapattinam,
NGO,Nagarkurnool,
NGR,Nagaur,
NG,Nagercoil,
NGP,Nagpur,
NTA,Nagrota,
NAGW,Nagwara,
NAH,Nahan,
NGN,Naharlagun,
NAI,Nainital,
NBR,Nalbar,
NGA,Nalgonda,
NAM,Namakkal,
NAN,Nanded,
NDR,Nandurbar,
NDY,Nandyal,
NGL,Nangal,
NAA,Nangavalli,
ZUT4,Nanguneri,
ZUT5,Nangureri,
NAP,Narasaraopet,
NAR,Narasingpur,
ZUN5,Nargund,
NMD,Narmada,
NAL,Narnaul,
ZVJ08,Narol Ahmedabad,
NLY,Naroli,
NRW,Narwal,
NRL,Narwana,
NAS,Nashik,
NASI,Nasirabad,
NAT,Nathdwara,
NAU,Naukuchiatal,
NLU,Navalur,
NA,Navi Mumbai,
ZVJ89,Navi Peth,
NAV,Navsari,
NAW,Nawadah,
NAC,Nawalgarh,
NWH,Nawasahar,
NYA,Naya Nangal,
NGH,Nayagarh,
NED,Nedumangad,
NDA,Needamangalam,
NMG,Neelamangalam,
NEE,Neemuch,
NEL,Nellore,
ZVF6,Neriamangalam,
NER,Nerul,
NDB,New Delhi,
NV,Neyveli,
NAY,Neyyattinkara,
NEY,Neyyur,
NIL,Nilambur,
NIG,Nilgris,
NIU,Nimu,
NPN,Nippani,
NIM,Nirmal,
ZVJ70,Nishant Vyas,
NZD,Nizamabad,
NND,Nnd,
NOG,Nogli,
NO,Noida,
ZVK07,Noida West,
ZVJ18,North Delhi,
NGG,Nowgang,
ZVJ45,Nungambakkam,
ZVK17,Nuziveedu,
ZVI7,Nuzivid,
NUZ,Nuzvid,
ZUV0,Odisha,
ONG,Ongole,
OTY,Ooty,
ZUO7,Oragadam,
ORI,Orai,
ZUL5,Orangadam,
ORS,Orissa,
OSM,Osmanabad,
OTT,Ottanchathiran,
OTA,Ottappalam,
PAK,Pakala,
PKM,Pakkam,
PKU,Pakumpare,
PLA,Pala,
PAD,Palakkad,
PAM,Palamau,
PAR,Palampur,
PAL,Palani,
PAA,Palanpur,
PLR1,Palari,
PALG,Palghar,
PLG,Palghat,
PLI,Pali,
PKI,Paliakara,
PLD,Palladam,
ZUI5,Pallipalayam,
ZUM9,Pallippuram,
PLN,Palna,
PAW,Palwal,
ZVJ47,Panaji,
PAC,Panchkula,
ZVA7,Panchmahal,
PCH,Panchmahals,
PAN,Pandalam,
PRD,Pandarpur,
ZVJ74,Pandri Raipur,
PDR,Pandura,
PNI,Panipat,
ZVJ73,Panjim,
PAJ,Panjim - Panaji,
PRT,Panruti,
PTRY,Panruty,
PANGR,Pantnagar,
PVL,Panvel,
POS,Paonta Sahib,
PAP,Papumpare,
PEP,Paradeep,
PMK,Paramakudi,
PGI,Parappanangadi,
PVR,Paravur,
PRB,Parbhani,
PGN,Parganas,
ZVJ56,Pari Chowk,
PLY,Paripally,
ZUK2,Parmanandpur,
PAO,Parwanoo,
PTG,Patalganga,
PTN,Patan,
PTC,Patancheru,
ZVJ33,Patel Nagar,
ZUQ3,Patencheru,
PAT,Pathanamthitta,
PUH,Pathanapuram,
PAH,Pathankot,
PAI,Patiala,
PTU,Patlikuhl,
PT,Patna,
PRL,Patratoli,
PMB,Pattambi,
ZVJ86,Pattandur Agrahara,
PATT,Pattanur,
PTI,Patti,
ZVF1,Pattimattom,
PKT,Pattukottai,
PDI,Paudi,
PAV,Pavoor Chatram,
PYR,Payyanur,
ZUQ6,Pedapariya,
ZVH9,Pedavegi,
PDA,Peddapuram,
PHO,Pehowa,
ZUO6,Penugonda,
PBR,Perambalur,
PRI,Perinthalmanna,
PER,Periyakulam,
ZUR5,Perumbara,
PUM,Perumbavoor,
PED,Perundurai,
PGA,Phagwara,
PHD,Phaloudi,
PHA,Phaltan,
PHU,Phulbani,
PIL,Pilibhit,
PIK,Pilkhuwa,
PII,Pillani,
PPY,Pipariya,
PIP,Pipli,
PID,Piplod,
PIR,Piravom,
ZVC6,Pitampura,
PIT,Pithampur,
ZUX5,Pithampura,
PTH,Pithoragarh,
POL,Pollachi,
PON,Ponda,
PY,Pondicherry,
POK,Ponkunnam,
PNN,Ponnamaravathi,
POA,Ponnani,
PNR,Ponneri,
PONN,Ponneri.,
2,Poolampatti,
POKI,Poranki,
POR,Porbandhar,
PB,Portblair,
ZVI99,Porumamilla,
ZVJ97,Post-Nanded,
POW,Powaya,
ZVJ10,Prakasam,
PDT,Prakasam Dist.,
ZVE6,Pratap Nagar,
PRA,Pratapgarh,
PYP,Priyapatna,
PRO,Proddatur,
PDY,Puducherry,
PUD,Pudukkottai,
PDL,Pulivendual,
PUL,Punalur,
PUJ,Punchkula,
PUN,Pune,
ZUW0,Punjab,
PTR,Punruti,
PUI,Puri,
PUR,Purnea,
PUA,Purulia,
PUS,Pusad,
PUT,Puttur,
QUI,Quilon,
QUT,Qutubullapur,
RBL,Rabale,
RACC,Rachagunneri,
RBI,Raebareli,
RHR,Rahuri,
ZVJ92,Rai Sonipet,
RAI,Raichur,
RID,Raigad,
RGJ,Raiganj,
RIG,Raigarh,
RKT,Raikot,
RP,Raipur,
RPR,Raipur(Mh),
RES,Raisen,
ZVI90,Rajaghatta,
RUM,Rajahmuntry,
RJN,Rajaji Nagar,
ZUK5,Rajannasiricilla,
RPY,Rajapalayam,
RAS,Rajasamand,
RAH,Rajasthan,
ZVK15,Rajavaram,
RJG,Rajgarh,
RAK,Rajkot,
RNN,Rajnandgaon,
RAO,Rajouri,
RAJ,Rajpura,
ZUI6,Ramagundam,
RMP,Ramanathapuram,
RMG,Ramgarh,
RAMN,Ramnagar,
RNA,Ramnagaram,
RAM,Rampur,
RAP,Ramput,
RGT,Ranaghat,
RAC,Ranchi,
REB,Ranebenur,
RAR,Ranga Reddy,
ZVE3,Rangareddy,
RGA,Rangia,
RPT,Ranipet,
RAG,Ranjangoan,
RAN,Ranni,
ZUY0,Rapuram,
RASI,Rasi Puram,
ZUM4,Rasipuram,
RAT,Rathpur,
RTL,Ratlam,
RTG,Ratnagiri,
ZVA8,Rawatpur,
ZUW4,Rawtpur,
RAY,Rayagada,
RZL,Razole,
ZUO9,Reasi,
REI,Reinwal,
REN,Renigunta,
REU,Renukoot,
REW,Rewa,
RRI,Rewari,
RIS,Rishikesh,
ROH,Rohini,
ROT,Rohtak,
ROS,Rohtas,
ROK,Roorkee,
ROP,Ropar,
ROU,Rourkela,
RUD,Rudrapur,
ZUW8,Rudrapur.,
ZUW9,Rudrapur..,
ZVJ51,Rupnagar,
RUP,Rupnarayanpur,
SBR,Sabarkantha,
SAC,Sachin,
SAG,Sagar,
SRA,Sagar  ,
SAGK,Sagar (Kar),
ZUO4,Sagara,
SPR,Saharanpur,
SAS,Saharsa,
SAB,Sahibabad,
SAH,Sahpur,
SET,Saidapet,
ZUM3,Salcete,
SLM,Salem,
ZVB7,Salon,
SAMA,Samaghogha,
SNA,Samana,
ZUV8,Samba,
SMP,Sampalpur,
ZUJ2,Samraj Nagar,
SRM,Samrala,
ZUZ1,Sanand,
SGA,Sangagiri,
SGE,Sangamner,
ZUJ66,Sangareddy,
ZVC1,Sanghavi,
SGI,Sangli,
SNG,Sangrur,
SKK,Sankarankoil,
SAN,Sankarapuram,
ZVJ50,Santacruz East Mumbai,
SNP,Santhapada,
SAI,Sarai,
SKA,Saraikela,
SAR,Sardarsahar,
SARGM,Sarigam,
SAM,Sasaram,
SAT,Satara,
ZVI80,Sathupalli,
ZVK22,Sathy,
STY,Sathyamangalam,
STA,Satna,
ZVK05,Satna(Mp),
ZVJ59,Saudagar,
ZVH7,Saunshi,
SVA,Savarakundla,
SMD,Sawaimadhopur,
SWA,Sawantwadi,
SYL,Sayalkudi,
SBD,Secunderabad,
SEH,Sehore,
ZVJ54,Selu,
SEK,Sembarambakkam,
SEB,Senbanarkoil,
SW,Sendhwa,
SE,Seoni,
SPA,Seppa,
SRE,Serampore,
SEV,Sevaliya,
SHA,Shadol,
SHAHA,Shahapur,
SAP,Shahpur,
SJH,Shajahanpur,
SJP,Shajapur,
SR,Shakarpur,
SLI,Shamli,
SHS,Shamshi,
SHG,Shegaon,
SHE,Sheikhpura,
STH,Shencottah,
SHU,Sheopur,
SLG,Shillong,
SHM,Shimla,
SHI,Shimoga,
SHL,Shiralkoppa,
SHD,Shirdi,
SHN,Shirgaon,
SIRUR,Shirur,
ZUK8,Shiur Bangla,
ZUP2,Shivamogga,
SHV,Shivare,
SHP,Shivpuri,
SHOL,Sholinghur,
SHOG,Sholinghur.,
ZUN9,Shoolagiri,
SHO,Shoranur,
SEI,Shringeri,
SHR,Shrirampur,
ZUU3,Shrirampur Nagar,
ZVJ63,Shukrawar Peth,
SHY,Shyam Nagar,
SGG,Siang,
SIB,Sibsagar,
SDP,Siddappur,
ZVK11,Siddepet,
SIP,Siddhapur,
SID,Siddipet,
SDI,Sidhi,
ZVJ20,Siiddipet,
SKR,Sikar,
SI,Sikkim,
SIA,Silichar,
SILI,Siligiri,
SIL,Siliguri,
SL,Silvasa,
SILV,Silvassa,
SLA,Silvassa .,
SLV,Silvassa.,
SDA,Simdega,
SIM,Simla,
SML,Simlaguri,
SIN,Sindagi,
SNR,Sindhanur,
SDG,Sindhudurg,
SGR,Singrauli,
ZUM0,Sira,
SIH,Sirhind,
SZI,Sirkazhi,
SMO,Sirmour,
SOH,Sirohi,
SIS,Sirsa,
ZUY3,Sirsa.,
SIR,Sirsi,
SIT,Sitapur,
ZVI98,Sivaganga,
SIG,Sivagangai,
SIK,Sivakasi,
SIV,Sivasagar,
ZVJ77,Snehalata Ganj,
SOJ,Sojat,
SOL,Solan,
SP,Solapur,
SMW,Someswaram,
SON,Sonapur,
SPT,Sonipat,
ZVJ43,Sonipet,
STP,Sonitpur,
ZVJ11,South Delhi,
SGO,South Goa,
ZVI85,South West Delhi,
SGN,Sri Ganganagar,
SRC,Sricity Dtz,
SRK,Srikakulam,
SHK,Srikarikota,
SRG,Srinagar,
SRP,Sriperumbudur,
SREE,Srivalliputhar,
SRI,Sriyakulam,
SRU,Srungavruksham,
SBI,Subansiri,
ZUO3,Subramanya,
ZVJ65,Sugatur,
SUI,Sullia,
SUL,Sultanpur,
ZVH6,Sulthan Bathery,
SUB,Sulthanbathery,
SULL,Sulurpet,
SUN,Sunam,
SUD,Sundernagar,
ZVC5,Supa,
SRJ,Surajpur,
SRT,Surat,
SUG,Suratgarh,
SDR,Surendernagar,
ZUY4,Surendrangar,
SUR,Suri,
SUP,Suryapet,
ZUU2,T,
ZVI95,Tadepalligudem,
TAD,Tadipatri,
ZVJ68,Tal.Malegaon,
TAL,Talayolaparambu,
TAC,Talcher,
ZVG3,Taliparamba,
ZUL6,Taloja,
TWA,Talwara,
CDLR,Tamil Nadu,
TVU,Tamilnadu,
ZUN8,Tandur,
TAN,Tanjore,
TKU,Tanuku,
ZUJ63,Tapi,
TAP,Tapukara,
TRT,Tarantaran,
ZUW5,Tarapur,
TRE,Tarikere,
TAR,Tarsali,
TAS,Tasgaon,
TAV,Tavarekera,
TAW,Tawang,
ZVJ32,Teen Hath Naka,
ZUW6,Telagana,
ZVC4,Telangana,
TPL,Telaprolu,
TEL,Tellicherry,
TZP,Tezpur,
TJJ,Thajjar,
TLY,Thalaserry,
ZVK02,Thambanur,
TNE,Thane,
ZVJ61,Thane West,
TNH,Thangadh,
TANJ,Thanjavur,
THE,Thekaddy,
TNI,Thenali,
TN,Theni,
TEN,Thenkasi,
TSY,Thikshey,
THR,Thirpunitra,
ZVJ66,Thiruanthapuram,
TCG,Thiruchengode,
TCM,Thiruchitrambalam,
THIRU,Thirumangalam,
THJ,Thirunelveli,
TNL,Thirunelvelii,
ZVK21,Thiruppur,
THRU,Thiruthani,
ZUR0,Thiruthuraipoondi,
TVY,Thiruvaiyaru,
TRV,Thiruvallur,
TRULL,Thiruvallur.,
TVP,Thiruvananthapuram,
TM,Thiruvannamal,
TVM,Thiruvannamalai,
TVRR,Thiruvarur,
TPZ,Thodupuzha,
ZUR2,Thoothukudi,
TH,Thrissur,
TKY,Thuckklay,
THI,Thuraimanagalam,
THU,Thurayur,
TKG,Tikamgarh,
TDM,Tindivanam,
TAM,Tindivanam1,
TIN,Tinsukia,
TPP,Tiptur,
TCH,Tiruchendur,
TCE,Tiruchengode,
ZVI87,Tiruchirappalli,
TRM,Tiruchitrambalam,
TRK,Tirukoilur,
TV,Tirunelveli,
TPI,Tirupathi,
TPT,Tirupathur,
ZUV2,Tirupati,
ZVJ01,Tiruppur,
TR,Tirupur,
TRU,Tirur,
TTG,Tiruthangal,
TVLR,Tiruvallore,
ZVI82,Tiruvannamalai,
ZUR8,Tiruvottiyur,
TIRU,Tiruvur,
TLT,Titlagarh,
TI,Tittagudi,
TON,Tonk,
ZVI86,Tottumugham,
TRIU,Trichur,
TCY,Trichy,
TPY,Triprayar,
TPA,Tripunithura,
TRA,Tripura,
TRCH,Triuchirapalli,
TVN,Trivandram,
ZVJ52,Tumakuru,
TUM,Tumkur,
TUN,Tuni,
TT,Tuticorin,
UDA,Udaipur,
ZUN1,Udamsinghnagar,
UGR,Udham Singh Nagar,
UDH,Udhampur,
UDI,Udipi,
UDM,Udumalpet,
UDU,Udupi,
UNG,Udyog Nagar,
UJJ,Ujjain,
ULH,Ulhas Nagar,
ULU,Ulundurpet,
UMA,Umaria,
UMB,Umbergaon,
UMR,Umreth,
UNA,Una,
UNJ,Unjha,
UNN,Unnao,
USP,Usilam Patti,
UT,Utarsanda,
UTH,Uthangarai,
UTT,Uttam,
ZVA0,Uttar Pradesh,
ZUP3,Uttara,
ZVJ60,Uttarakhand,
UAT,Uttarsanda ,
UTR,Uttranchal,
VGR,Vadagara,
VA,Vadali,
VLR,Vadalur,
VAD,Vadodara,
VAI,Vaikom,
VLI,Vaishali,
ZVJ98,Vaishali Nagar,
VAK,Vaithiswaran Koil,
VRY,Valancherry,
VL,Valasaravakkam,
VLH,Vallabh Vidyanagar ,
VO,Vallioor,
VAL,Valsad,
VDS,Vandavasi,
VBD,Vaniyambadi,
VAN,Vanjur,
ZUU1,Vannur,
VANO,Vanoor,
VNA,Vanur,
VAP,Vapi,
ZVJ99,Varachha Surat,
VSI,Varanasi,
VAR,Varangode,
ZVJ31,Variety Square Sitabuldi,
VKL,Varkala,
VASI,Vasai,
VDG,Vasco Da Gama,
ZVK13,Vashi Navi Mumba,
ZVJ87,Vashi Navi Mumbai,
ZVJ16,Vashinavi Mumbai,
VDR,Vedaranyam,
ZUM5,Veerapuram,
VEL,Vellore,
ZVG4,Vengola,
VER,Veraval,
ZVE2,Verna,
VET,Vettimuval,
VID,Vidisha,
VJP,Vijapur,
VJH,Vijayanagharam,
ZUN4,Vijayapura,
VIJ,Vijayawada,
S,Vikarabad,
VIK,Vikrabad,
VPM,Villupuram,
VIA,Virajpet,
ZUR1,Viralimalai,
VRM,Viramgam,
VRR,Virar-Mumbai,
VIR,Virudhunagar,
VLM,Viruthachalam,
VSH,Visakhapatnam,
VPA,Visannapeta,
ZVJ53,Vishapatnam,
ZVJ93,Viskhaptnam,
VIS,Visnagar,
VIT,Vithaludyognagar,
VIZ,Vizag,
VIZI,Vizianagaram,
ZVA9,Vododara,
VUY,Vuyyuru,
ZVJ64,Vyara,
WDN,Wadhwan,
WAD,Wadi,
ZUX3,Wai,
WAI,Waidhan,
ZUI1,Walajapet,
ZUR7,Waluj,
WAR,Warangal,
WDH,Wardha,
WAS,Washim,
WAY,Wayanad,
WDA,Wda,
ZUY7,West Bangal,
WEG,West Goadavari,
ZVI76,West Godavari,
WGD,West Godavari Dt,
ZVK00,West Mumbai,
ZUI8,West Singhbhum,
WTM,West Tambaram,
WHI,Whitefield,
ZUO2,Yadadri,
YAD,Yadgir,
YAW,Yadwad,
YAM,Yammuna Nagar,
ZUV9,Yamunanagar,
YAN,Yananm,
YVT,Yavatmal,
YEL,Yelagiri,
ZUL8,Yellapur,
YER,Yercaud,
ZAH,Zaheerabad,
ZRK,Zirakpur,
ZRO,Ziro,
ZVJ26,ĀJaipur,
