,Select City
ABR,Abhoar
ABU,Abu Dhabi
ZVG6,Achikkanam
ADA,Adalaj
ADM,Adaman
AGA,Agartala
AMD,Ahmedabad
AHN,Ahmednagar
AJM,Ajman
AMR,Ajmer
AKH,Akhnoor
AKO,Akola
AAN,Al Ain
ZVK74,Alandur
ALP,Alapuzha
ABG,Alibag
ALG,Aligarh
ALI,Alipore
ARJ,Alirajpur
AHD,Allahabad
ALY,Allepey
ALM,Almora
ZVF8,Alpattakulambu
ALV,Aluva
ALW,Alwar
AMP,Amalapuram
AMV,Amaravathi
AMB,Ambala
ABL,Ambalore
ZVC0,Ambarnath
ZVK58,Ambattur
ABH,Ambernath
ABK,Ambikapur
ZVK85,Ambur
AME,Ames
ZVJ94,Amirtstar
AML,Amli
APH,Amphur Muang
AMI,Amreli
AM,Amristar
ZUY2,Amritsar
AMH,Amroha
AKP,Anakapalle
ANA,Anand
ANN,Anandapur
ZVI78,Anantapur
ATH,Ananthapur
ANC,Anchal
ADH,Andheri
ZVE8,Andhra Pradesh
ANE,Anekal
ANK,Angamally
ANG,Angul
ANJ,Anjora
AKR,Ankaleshwar
ZVJ04,Ankannagudem
AK,Ankola
ANU,Anuppur
ADE,Areacode
AZA,Arizona
ASAN,Asansol
AKN,Ashok Nagar
ASD,Assandh
ASN,Assansol
ATI,Athani
ATL,Atlanda
ZUP0,Atmakuru
ATG,Attingal
ZVI71,Attipalli
ARA,Auraiya
AUR,Aurangabad
AURB,Aurangabad(Bihar)
ZVK63,Avadi
AZD,Azadpur
AZM,Azamgarh
BBA,Babha
BAB,Babua
BAD,Badaun
BDD,Baddi
BEP,Badlapur
BVL,Badvel
BGL,Bagalkot
BRE,Baghapurane
BPT,Baghpet
BHR,Bahadurgarh
BAH,Bahraich
BKP,Baikanthpur
BAK,Bakerwala
BLG,Balaghat
ZVJ13,Balanagar
BSR,Balasore
BGR,Ballabgarh
ZVC2,Ballary
BIA,Ballia
BLD,Balod
BABA,Baloda Bazar
BLA,Balotra
BLR,Balrampur
BALL,Balur
BAM,Bamnia
BAL,Banarpal
BNA,Banaskantha
BANA,Banda
BDP,Bandipur
BGA,Banga
BLRU,Bangalore
ZVJ79,Bangalore East
ZVK12,Bangalore Urban
BNG,Bangalore(D)
ZVF3,Bangalroe
BRP,Bangarpet
BANG,Bangkok
ZUV3,Banglore
ZUJ62,Banka
BAN,Bankura
ZUR3,Banmore
BSA,Banswara
BWL,Bantwal
BARA,Barabanki
ZVB6,Baramati
BML,Baramulla
BAA,Barasat
BBL,Barbil
BDM,Barddhaman
ZVJ82,Bardez
ZUU9,Bardhman
BD,Bardoli
ZVJ69,Bareilly
BAG,Bargarh
ZUL1,Bargawan
BRL,Barielly
BAR,Baripada
BMR,Barmer
BNL,Barnala
BRD,Baroda
ZUT8,Barotiwala
BRW,Barwani
BKN,Basavakalyan
ZUM7,Bashettihalli
BPS,Basi Pathana
BT,Basti
BNT,Batinda
BAW,Bawal
ZUN0,Bawana
BAZ,Bazpur
BDI,Bedidi
BED,Beed
BGV,Begoval
BSI,Begusarai
BEG,Belagavi
BEL,Belgaum
BLUM,Belgaum.
BL,Bellary
BOD,Belsonda
ZVJ30,Belur
BEM,Bematara
ZVI74,Bengaluru
BER,Beragora
BMP,Berhampur
BTL,Betul
BHO,Bhadohi
BDK,Bhadrak
BDV,Bhadravathi
BDV1,Bhadravathii
ZUL4,Bhadravati
ZUI4,Bhagabatipur
BGP,Bhagalpur
BHS,Bhainsori
BDR,Bhandara
ZUR4,Bhandup
ZVJ24,Bhanpurm
BRM,Bharamati
BTP,Bharatpur
BCH,Bharuch
BWI,Bharwani
ZVJ40,Bhaskarnagar
BKL,Bhatkal
BNV,Bhavnagar
BHA,Bhawanigarh
BHW,Bhawanipatna
BHY,Bhayander
BHB,Bhilad
BHI,Bhilai
ZVK01,Bhilai Durg
BHL,Bhilai.
ZVB8,Bhilal
BWR,Bhilwara
BMV,Bhimavaram
BHN,Bhindran
BIW,Bhiwadi
BWD,Bhiwandi
BWN,Bhiwani
BHP,Bhopal
BS,Bhosari
ZVJ80,Bhubaneshwar
ZVF0,Bhubaneswar
BDL,Bhudlada
BHJ,Bhuj
BV,Bhuvaneshwar
BI,Bidar
BJP,Bijapur
BIJ,Bijnore
BIK,Bikaner
BLI,Bilaspur
BSP,Bilaspur(C)
BSH,Bilaspur(H.P)
BIM,Bilimora
BIG,Binaguri
ZVI5,Binanipuram
ZVD1,Birmingham
BIS,Bistpur
ZVJ37,Bochu Peta
ZUK9,Bodwad
BKR,Bokaro
BON,Bongaigaon
ZVH1,Botad
BRA,Brea
ZVD8,Brillion
BDN,Budaun
BDG,Budgam
BLS,Bulandshahar
BHD,Buldhana
BPR,Bundi
BDW,Burdwan
BRG,Burgarh
BP,Burhanpur
ZUO0,Byadgi
CA,Ca
CAL,Calicut
CF,California
CAN,Cannore
CARM,Carmi
CS,Carol Stream
ZVI92,Central Delhi
CGO,Chachoengsao
ZVJ83,Chakgaria
CHAK,Chakkan
ZVI88,Chakkapalli
ZVJ41,Chala
CKD,Chalakudy
CHL,Chalisgaon
CHR,Chamarajanagr
CML,Chamoli
CMP,Champa
CHA,Chamu
ZUN2,Chandapura
ZVH2,Chandauli
CDR,Chandrapur
CGY,Changanachery
CDI,Charki Dadri
CHS,"Chas, Bokaro"
CPR,Chatarpur
CTN,Chathanoor
ZVJ07,Chatrai
ZVI84,Chattarpur
CMR,Chembur
ZVK69,Chengalpatthu
CNG,Chengannur
ZVK52,Chennai
CPN,Chennapatna
CTA,Cherthala
ZVJ91,Chickaballapur
CKR,Chickballapur
ZVJ88,Chickkballapur
CHK,Chickmagalore
ZVJ12,Chikamberpur Ghaziabad
ZUP6,Chikkaballapur
CKP,Chilakaluripet
ZVI79,Chillaboyinapalli
CNV,Chindwara
ZVI3,Chintalapudi
CNI,Chintamani
CHP,Chiplum
CTR,Chitoor
CD,Chitradurga
CK,Chitrakoot
ZUX4,Chittaurgarh
ZVI94,Chittoor
CTG,Chittorgarh
CDL,Choondal
CHOD,Chopda
CHU,Churu
CLN,Clifton
CHN,Cochin
ZVK53,Coimbatore
CBH,Coochbihar
BTA,"Cookeville,Tn"
ZVK54,Cuddalore
CDP,Cuddapah
ZVJ35,Cuttack
CUT,Cuttak
DBL,Dabhel
ZVG0,Dabhoi
DNH,Dadra And Nagar Haveli
DAJ,Daejeeling
DAH,Dahang
DHD,Dahod
DKA,Dakshina
DSA,Dakshina Kannada
ZVJ78,Dakshine Kannada
DAL,Dallas
DLG,Daltonganj
DAM,Daman
DMI,Damdari
DMH,Damoh
DAN,Dandeli
DDW,Dandewara
DAG,Dangs
DGN,Danguni
DAA,Dappar
DBG,Darbhanga
ZVE1,Darjeeling
DTI,Datia
DAU,Dausa
DVN,Davanagere
ZVF2,Davangere
DEH,Dehradun
DRA,Deira
ZUU8,Delhi
DEG,Deoghar
DEO,Deoria
DEP,Depalpur
DER,Deradassi
ZVE9,Devadurga
DW,Dewas
DBR,Dhabra
DBW,Dhabwalli
ZUK7,Dhamnod
DHA,Dhamtari
DBD,Dhanbad
DD,Dhandhuka
DDA,Dhangadhra
DVM,Dhanuvachapuram
DHR,Dhar
DHG,Dharamgarh
DHB,Dharbanga
ZVI83,Dharmajigudem
DMS,Dharmashala
DRU,Dharuhera
DAR,Dharwad
DWR,Dharwar
DJP,Dheerajpur
DNL,Dhenkanal
DLR,Dholpur
DHO,Dhoraji
DUL,Dhule
DHU,Dhuri
DIG,Digboi
DIM,Dimapur
DIA,Dinajpore
ZVK70,Dindigul
DIJ,Dinjan
DIP,Diphu
ZVJ71,Dist Ahmedabad
DIS,Dist.Chandauli
ZVI93,Dodballapur
ZUM1,Doddaballapura
DMV,Dombivilli
ZVA2,Dombivli
ZVJ06,Dommeru
ZUK6,Dongargaon
DRH,Doraha
DUB,Dubai
DHF,Duhuria
DUJ,Duliajan
DMK,Dumka
ZVJ21,Dundigal
DUN,Dungarpur
DRG,Durg
DPR,Durgapur
ZUU4,Dwarka
DMW,Distt. Mewat
EASL,Easley
GDH,East Godavari
ZVI91,East Godavari Dist
EDP,Edappal
EDA,Edayar
EDEN,Eden Praire
ELR,Elluru
ZVI96,Eluru
ETA,Erattupeta
ENK,Ernakulam
ZVK75,Erode
ETV,Etawah
ETM,Ettamanoor
FLW,Fairlawn
FZD,Faizabad
FLD,Falodi
FRD,Faridabad
FKT,Faridkot
ZVJ96,Farridabad
FKP,Farukabad
FTP,Fatehabad
FSG,Fatehgarh Sahib
ZUY5,Fatehpur
FTR,Fathepur
FZK,Fazikot
FAZ,Fazilka
ZUU5,Firozabad
FRZ,Firozpur
FLO,Florida
FRB,Forbesganj
FWT,Fort Worth
ZVA5,Fortworth
FRM,Fremont
GUN,Funa
GB,Gabbur
GAG,Gadag
GRP,Gadarpur
GRR,Gadarwara
GDR,Gadchiroli
GG,Gaggal
ZVK10,Gagnapahad
ZUY8,Gainesville
GAJ,Gajraula
ZVJ28,Gandhi Nagar
GDM,Gandhidham
GN,Gandhinagar
GNR,Ganganagar
GAN,Gangavati
GGK,Gangtok
GJM,Ganjam
ZVJ14,Gannavaram
GAR,Garia
GRN,Gariyaband
USG,Garner Nc
ZVJ90,Gauribidanur
GAU,Gautam Nagar
GBN,Gautambudh Nagar
GY,Gaya
ZVI6,Gaziabad
ZVJ62,Ghatikopar (E) Mumbai
ZVK08,Ghatlodia
GZB,Ghaziabad
ZVI1,Giddaluru
GRD,Giridih
GOA,Goa
GOL,Goalpara
GOD,Godhra
GOK,Gokak
GLG,Golaghat
ZVJ84,Gomti Nagar
GDA,Gonda
GON,Gondia
GPG,Gopalganj
GP,Gopalpur
ZVK16,Gopavaram
GOP,Gopinathpur
GKR,Gorakhpur
GOR,Goregaon
ZVJ19,Governorpet
ZUP5,Gowribidanur
ZVJ85,Gr. Noida West
GNO,Greater Noida
GROVE,Grove City
GUV,Gudivada
ZVJ03,Gudlavalleru
GU,Gudur
GUDR,Gudur.
GJ,Gujarat
ZVJ46,Gulbaraga
GUL,Gulburga
GUU,Guna
GUT,Guntakal
GO,Guntur
ZVF5,Gurazala
GDS,Gurdaspur
GUR,Gurgaon
GURU,Gurugram
GYR,Guruvayoor
GWH,Guwahathi
ZVJ27,Guwahati
GWR,Gwalior
HAB,Habsiguda
ZVJ34,Hadapsar
ZVG2,Halageri
HAL,Haldwani
HLK,Halkoti
HLL,Halol
HMP,Hamirpur(H.P)
HPR,Hamirpur(U.P)
HAG,Hangal
HJP,Hanjipur
HAN,Hannamkonda
ZVI89,Hanuman Junction
HGR,Hanumangarh
ZUV1,Harayana
HAR,Harda
HRD,Hardoi
HWR,Haridwar
ZUL7,Harihara
HGT,Haringhata
HRP,Haripad
ZUW1,Haryana
HAS,Hassan
HASS,Hassangarh
HTR,Hathras
HKS,Hauz Khas
HV,Haveri
HZR,Hazaribag
ZVK09,Himachal Pradesh
HIM,Himmat Nagar
HND,Hindupu
HIND,Hindupur
HNG,Hingoli
HIR,Hirekerur
HRR,Hiriyur
HIS,Hissar
HBI,Hobli
HJ,Hojai
HON,Honnavar
ZUW3,Hooghly
HUG,Hoogli
HOPK,Hopkinsville Ky
HSD,Hosangabad
HSP,Hoshiarpur
HKT,Hoskote
HOP,Hospet
ZVK82,Hosur
HOU,Houston
HWI,Howli
HOW,Howrah
ZUX6,Hubali
ZUO1,Hubballi
HBL,Hubli
ZUJ0,Hullali
ZUL9,Hunsur
HUTC,Hutchinson
HYD,Hyderabad
IH,Ichalkaranji
IDA,Idar
IDU,Idukki
ILA,Illianos
IMP,Imphal
INR,Indiranagar
IND,Indore
IDR,Indri
ZVI2,Inkollu
IRL,Irinchalkuda
ISL,Islampur
ITN,Itanagar
ITR,Itarsi
JB,Jabalpur
JACX,Jackson Ville
JAD,Jaduguda
JGD,Jagadhri
JAG,Jagatpura
JGS,Jagatsingpur
JLP,Jagdhalpur
JMT,Jaggampeta
JGI,Jagitial
JGN,Jaigaon
JP,Jaipur
JSL,Jaisalmer
JTA,Jaitaran
JAJ,Jajpur
ZVB4,Jalana
JL,Jalandhar
JLG,Jalgaon
JLB,Jallalabad
JLN,Jalna
JLR,Jalore
JPI,Jalpaiguri
JMN,Jam Nagar
JMB,Jambusar
JAN,Jamkhandi
JMU,Jammu
ZVJ38,Jammu & Kashmir
ZVJ58,Jamnagar
JMP,Jamnipali
JD,Jamshedpur
JAM,Jamvi
ZVJ29,Janakpuri
ZVJ02,Jangareddigudem
JAR,Janjir
JRK,Jarkhand
ZUJ65,Jashpur
JNP,Jaunpur
JAW,Jawali
JEJ,Jejpur
ZUN3,Jevargi
JAU,Jhabua
JHG,Jhagadia
JHA,Jhalawar
JLD,Jhalod
JNS,Jhansi
JH,Jharkhand
JRS,Jharsuguda
JHU,Jhunjhunu
JND,Jind
JDP,Jodhpur
JOP,Joppa
JOR,Jorabat
JRT,Jorhat
JGH,Junagadh
JUA,Junagarh
JWM,Jwala Mukhi
ZUJ61,Kabirdham
KAC,Kachchh
KAA,Kadapa
ZVI97,Kailash Hills East
KMR,Kaimur
ZVG8,Kairady
KTL,Kaithal
KKN,Kakinada
KAK,Kakinara
ZVF7,Kakkanad
KDI,Kaladi
KALK,Kalakal
ZUS2,Kalamassery
KAL,Kalimpong
KPT,Kalpetta
ZUJ64,Kamareddy
ZVJ09,Kamayyathopu
KMI,Kampli
ZVK73,Kancheepuram
ZVG9,Kandukur
KGV,Kangavly
KNG,Kangra
KAH,Kanhangad
KNDU,Kanipadu
KJP,Kanjirapally
ZVJ48,Kanjurmar East
KNK,Kanker
ZUS1,Kankroli
KANN,Kanna
KNN,Kannauj
ZVK67,Kanniyakumari
KNR,Kannur
KAN,Kanpur
ZVJ39,Kapurbawdi
KPR,Kapurthala
KAD,Karad
KAI,Karaikal
ZVK86,Karaikkudi
KGL,Kargil
KIR,Karim Nagar
KRL,Karkal
KRN,Karnal
KA,Karnataka
KSW,Karsawan
KKY,Karukutty
KNY,Karunagapally
KWR,Karwar
KSR,Kasarkode
KSJ,Kasganj
KSP,Kashipur
KPU,Kashipur (Ut)
KSM,Kashmir
KDA,Kasoda
ZUZ9,Kathgodam
KAT,Kathua
KAS,Katihar
KTI,Katni
ZVI77,Katrenipadu
KPA,Kattappana
KVI,Kavali
KYM,Kayamkulam
ZUP1,Kembodi
KDP,Kendrapara
ZUJ4,Kendujar
KEG,Kengeri
KNJ,Keonjhar
KE,Kerala
ZVA4,Kerla
KES,Kesinga
ZUJ5,Khajauli
KJH,Khajuraho
KMN,Khamgon
KMM,Khammam
KWA,Khandwa
KHA,Khanna
KPO,Kharagpore
ZVB9,Kharagpur
KRG,Khargone
KRK,Kharkoda
KHAR,Kharsawan
KUA,Kharupetia
ZVJ42,Khed
KHE,Kheda
KH,Khedbrahma
KRI,Kheri
KHI,Khilchipur
ZVB2,Kholapur
KHO,Khopoli
KHU,Khumano
KRD,Khurda
KUS,Khuskerakus
KCA,Kicha(Uttaranchal)
KIC,Kichha
KHG,Kishanganj
KSH,Kishangarh
ZUT0,Kochi
KDD,Kodad
KOG,Kodagu
KDM,Koderma
ZUQ9,Kodumuru
KDN,Kodungallur
KOK,Kokrajhar
KLA,Kolapuram
KLR,Kolar
ZVG5,Kolenchery
KHP,Kolhapur
KKA,Kolkata
KO,Kolkatta
KOL,Kollam
KLL,Kollegal
ZUJ68,Komaram Bheem
ZUP7,Kondamadugu
ZVH3,Kondapur
KOD,Kondotty
KON,Konni
KOO,Koopam
KKM,Koothattukulam
ZVG7,Koovappady
KOP,Kopargaon
KPP,Koppa
KPL,Koppal
KRP,Koraput
KRB,Korba
KRA,Koria
KTA,Kota
KDR,"Kotdasangani, Dist.Rajkot"
KGM,Kothagudam
ZVK18,Kothakota
KMG,Kothamangalam
KTP,Kotkapura
KPI,Kotputli
KKL,Kottakkal
ZUJ6,Kottam Palli
KTT,Kottarakara
KOT,Kottayam
KIM,Kottiyam
ZVI0,Kovvur
ZVJ05,Kovvuru
KOY,Koyilandy
ZVK14,Koyyalagudem
KOZ,Kozhencherry
KOE,Kozhikode
ZVI75,Krishna
KSD,Krishna Dist.
ZVK83,Krishnagiri
ZVH5,Kudlur
ZUI7,Kukatpally
ZUN7,Kukkawada
ZUO5,Kukke Subramanya
KUK,Kukshi
KLU,Kullu
ZVH0,Kumaranellur
ZVK77,Kumbakonam
KMT,Kumta
ZVJ44,Kundali
ZVJ49,Kundali Sonepa
ZVJ25,Kundali Sonepat
KUP,Kundapur
KUN,Kundla
KNDLI,Kundli
ZVK06,Kundli Sonipat
ZVJ72,Kundli Sonipat Har
KDN1,Kunduchira
KNM,Kunnamkulam
ZUO8,Kuppam
KLI,Kurali
ZVF9,Kuranniyoor
KUR,Kuravilangad
KNL,Kurnool
ZVH4,Kurugodu
KRS,Kurushetra
KSL,Kushal Nagar
KSN,Kushinagar
KCH,Kutch
ZVK03,Labhandih
LDK,Ladakh
LAS,Lakeside Ave1
LAK,Lakhimpur
LKN,Lakhnur
LLP,Lalithpur
ZVJ17,Lankasagar
LTR,Lattur
ZVJ67,Latur
LEH,Leh
LC,Lewis Center
LMB,Limbadi
ZUR9,Limda
ZVI4,Lingapalem
LGS,Lingasugar
LON,Lonavala
LB,Long Beach
LA,Los Angeles
LK,Lucknow
ZUT6,Ludhiana
ZVK04,Ludhiana Punjab
LD,Ludiana
ZUI2,Luhari
LKH,Lukhisarai
MAC,Machilipatnam
MCH,Machiwara
MAD,Madanapalle
ZVK80,Madavaram
ZVJ36,Maddilapalem
MHR,Madhapur
ZUJ3,Madhupani
ZUZ8,Madhya Pradesh
MDG,Madikeri
ZVK55,Madurai
MHBD,Mahaboobabad
MHB,Mahabubabad
MBN,Mahabubnagar
MHD,Mahad
MRJ,Maharajganj
ZUW2,Maharashtra
CHD,Maharastra
ZUT7,Mahboobnagar
MBB,Mahboobnaghar
MHE,Mahe
MGH,Mahendergarh
MHJ,Mahesana
MNI,Mainpuri
MKR,Makrana
MAP,Malapuram
MLN,Malavya Nagar
MAL,Malda
MAE,Malegoan
MAK,Maler Kotla
ZUJ69,Malkangiri
ZUS5,Malkapur
MLR,Malur
ZUJ7,Managalli
MHY,Mananthavady
MCL,Mancherial
MDI,Mandi
MDH,Mandi Ahamadgarh
MND,Mandideep
MDA,Mandla
MDR,Mandsaur
MD,Mandvi
MDY,Mandya
MNS,Manesar
MNG,Mangalore
ZUT9,Mango
MAO,Mangrol
MMJ,Manimajura
MPL,Manipal
MPR,Manipur
ZVJ75,Manisquare
ZVJ55,Manjalpur
MNJ,Manjeri
MNR,Mannar
MRK,Mannarkkad
MAN,Mansa
MNA,Mansa1
MN,Mansfield
ZVJ81,Margao
MAR,Margoa
MAS,Masimpur
MRU,Matheru
MAT,Mathura
MUA,Mau
MAV,Mavelikara
MNB,Mayurbhanj
ZUM6,Medak
MDD,Medak Dist
ZUI3,Medchal
ZVJ15,Medchal Manda
MRT,Meerut
MEG,Meghalaya
MEH,Mehboobnagar
MHS,Mehsana
MPY,Metpally
MWT,Mewat
MOW,Mhow
ZVA1,Michigan
MID,Midnapur
MIN,Minnesota
MIR,Miraj
MRZ,Mirzapur
MIS,Missamari
MIZ,Mizoram
ZUU0,Mnt
MOD,Modasa
ZUR6,Modipuram
MOG,Moga
MOH,Mohali
MHL,Mohali1
ZVJ57,Mohamedwadi
MOI,Mohindergarh
MO,Monacco
MNT,Montgomery
MOR,Moradabad
MBI,Morbi
MRE,Morena
MGN,Morigaon
MRD,Morinda
MOT,Motihari
ZVJ76,Mowa Rajpur
MDB,Muddebihal
ZUM2,Mudhol
MUK,Muktsar
MUL,Mulbagal
MUT,Multai
MLW,Mulund West
MUM,Mumbai
SUM,Mumbai Suburban
MDK,Mundakayam
MGI,Mundargi
MGR,Munger
ZUP4,Murbad
MUR,Murhsidabad
MUS,Mussoorie
ZVH8,Musunuru
MUV,Muvattupuzha
MUZ,Muzafarpur
MUN,Muzaffar Nagar
MYS,Mysore
ZUZ6,Mysuru
NPR,N.Paravur
NAB,Nabha
NTH,Nadathara
NAD,Nadaun
NDI,Nadia
NDD,Nadiad
NAO,Nagaon
ZVK89,Nagapattinam
NGO,Nagarkurnool
NGR,Nagaur
ZVK65,Nagercoil
NGP,Nagpur
NTA,Nagrota
NAGW,Nagwara
NAH,Nahan
NGN,Naharlagun
NAI,Nainital
NBR,Nalbar
NGA,Nalgonda
NAN,Nanded
NDR,Nandurbar
NDY,Nandyal
NGL,Nangal
NAP,Narasaraopet
NAR,Narasingpur
ZUN5,Nargund
NMD,Narmada
NAL,Narnaul
ZVJ08,Narol Ahmedabad
NLY,Naroli
NRW,Narwal
NRL,Narwana
NAS,Nashik
NASI,Nasirabad
NAT,Nathdwara
NTC,National City
NAU,Naukuchiatal
NA,Navi Mumbai
ZVJ89,Navi Peth
NAV,Navsari
NAW,Nawadah
NAC,Nawalgarh
NWH,Nawasahar
NYA,Naya Nangal
NGH,Nayagarh
NED,Nedumangad
NEE,Neemuch
NEL,Nellore
ZVF6,Neriamangalam
NER,Nerul
NDB,New Delhi
NJ,Newjersey
NYO,Newyork
ZVK88,Neyveli
NAY,Neyyattinkara
NIL,Nilambur
NIU,Nimu
NPN,Nippani
NIM,Nirmal
ZVJ70,Nishant Vyas
NZD,Nizamabad
NOG,Nogli
NO,Noida
ZVK07,Noida West
ZVJ18,North Delhi
NGG,Nowgang
ZVK17,Nuziveedu
ZVI7,Nuzivid
NUZ,Nuzvid
ZUV0,Odisha
OH,Ohio
OKL,Oklahoma
ONG,Ongole
ORI,Orai
ORS,Orissa
OSM,Osmanabad
OTA,Ottappalam
PAK,Pakala
PKU,Pakumpare
PLA,Pala
PAD,Palakkad
PAM,Palamau
PAR,Palampur
PAA,Palanpur
PLR1,Palari
PALG,Palghar
PLG,Palghat
PLI,Pali
PKI,Paliakara
ZVK68,Pallavaram
ZUM9,Pallippuram
PLN,Palna
PAW,Palwal
ZVJ47,Panaji
PAC,Panchkula
ZVA7,Panchmahal
PCH,Panchmahals
PAN,Pandalam
PRD,Pandarpur
ZVJ74,Pandri Raipur
PDR,Pandura
PNI,Panipat
ZVJ73,Panjim
PAJ,Panjim - Panaji
PANGR,Pantnagar
PVL,Panvel
POS,Paonta Sahib
PAP,Papumpare
PEP,Paradeep
PGI,Parappanangadi
PVR,Paravur
PRB,Parbhani
PGN,Parganas
ZVJ56,Pari Chowk
PLY,Paripally
ZUK2,Parmanandpur
PAO,Parwanoo
PTG,Patalganga
PTN,Patan
PTC,Patancheru
ZVJ33,Patel Nagar
ZUQ3,Patencheru
PAT,Pathanamthitta
PUH,Pathanapuram
PAH,Pathankot
PAI,Patiala
PTU,Patlikuhl
PT,Patna
PRL,Patratoli
PMB,Pattambi
ZVJ86,Pattandur Agrahara
PTI,Patti
ZVF1,Pattimattom
PDI,Paudi
PYR,Payyanur
PEA,Peabody
ZUQ6,Pedapariya
ZVH9,Pedavegi
PDA,Peddapuram
PHO,Pehowa
PEN,Penjuru
ZUO6,Penugonda
PRI,Perinthalmanna
ZUR5,Perumbara
PUM,Perumbavoor
PGA,Phagwara
PHD,Phaloudi
PHA,Phaltan
PHU,Phulbani
PIL,Pilibhit
PIK,Pilkhuwa
PII,Pillani
PPY,Pipariya
PIP,Pipli
PID,Piplod
PIR,Piravom
ZVC6,Pitampura
PIT,Pithampur
ZUX5,Pithampura
PTH,Pithoragarh
ZUS3,Pittsburgh
PLC,Plain City
PON,Ponda
ZVK93,Pondicherry
POK,Ponkunnam
POA,Ponnani
POKI,Poranki
POR,Porbandhar
PB,Portblair
ZVI99,Porumamilla
ZVJ97,Post-Nanded
POW,Powaya
ZVJ10,Prakasam
PDT,Prakasam Dist.
ZVE6,Pratap Nagar
PRA,Pratapgarh
PYP,Priyapatna
PRO,Proddatur
ZVK81,Pudukottai
PDL,Pulivendual
PUL,Punalur
PUJ,Punchkula
PUN,Pune
PUI,Puri
PUR,Purnea
PUA,Purulia
PUS,Pusad
PUT,Puttur
QUI,Quilon
QUT,Qutubullapur
RACC,Rachagunneri
RADF,Radford
RBI,Raebareli
RHR,Rahuri
ZVJ92,Rai Sonipet
RAI,Raichur
RID,Raigad
RGJ,Raiganj
RIG,Raigarh
RKT,Raikot
RP,Raipur
RPR,Raipur(Mh)
RES,Raisen
ZVI90,Rajaghatta
RUM,Rajahmuntry
RJN,Rajaji Nagar
ZUK5,Rajannasiricilla
ZVK78,Rajapalayam
RAS,Rajasamand
RAH,Rajasthan
ZVK15,Rajavaram
RJG,Rajgarh
RAK,Rajkot
RNN,Rajnandgaon
RAO,Rajouri
RAJ,Rajpura
ZUI6,Ramagundam
RMG,Ramgarh
RAMN,Ramnagar
RNA,Ramnagaram
RAM,Rampur
RAP,Ramput
RGT,Ranaghat
RAC,Ranchi
REB,Ranebenur
RAR,Ranga Reddy
ZVE3,Rangareddy
RGA,Rangia
RAG,Ranjangoan
RAN,Ranni
RAKH,Ras Alkhaimah
ZUM4,Rasipuram
RTL,Ratlam
RTG,Ratnagiri
ZVA8,Rawatpur
ZUW4,Rawtpur
RAY,Rayagada
TAT,Rayong
RZL,Razole
ZUO9,Reasi
REI,Reinwal
REN,Renigunta
REU,Renukoot
REW,Rewa
RRI,Rewari
RIS,Rishikesh
ZVD9,Rocky River
ROH,Rohini
ROT,Rohtak
ROS,Rohtas
ROMU,Romulus
ROK,Roorkee
ROP,Ropar
ROU,Rourkela
RUD,Rudrapur
ZUW8,Rudrapur.
ZUW9,Rudrapur..
ZVJ51,Rupnagar
RUP,Rupnarayanpur
SBR,Sabarkantha
SAC,Sachin
SAG,Sagar
SAGK,Sagar (Kar)
ZUO4,Sagara
SPR,Saharanpur
SAS,Saharsa
SAB,Sahibabad
SAH,Sahpur
ZUM3,Salcete
ZVK57,Salem
ZVB7,Salon
SAMA,Samaghogha
SNA,Samana
ZUV8,Samba
SMP,Sampalpur
ZUJ2,Samraj Nagar
SRM,Samrala
SAMN,Samutsakorn
SAA,San Antonio
ZUZ1,Sanand
SGE,Sangamner
ZUJ66,Sangareddy
ZVC1,Sanghavi
SGI,Sangli
SNG,Sangrur
ZVJ50,"Santacruz East Mumbai,"
SNP,Santhapada
SAI,Sarai
SKA,Saraikela
SAR,Sardarsahar
SARGM,Sarigam
SAM,Sasaram
SAT,Satara
ZVI80,Sathupalli
STA,Satna
ZVK05,Satna(Mp)
ZVJ59,Saudagar
ZVH7,Saunshi
SVA,Savarakundla
SMD,Sawaimadhopur
SWA,Sawantwadi
SBD,Secunderabad
SEH,Sehore
ZVJ54,Selu
SW,Sendhwa
SE,Seoni
SPA,Seppa
SRE,Serampore
SEV,Sevaliya
SHA,Shadol
SHAHA,Shahapur
SAP,Shahpur
SJH,Shajahanpur
SJP,Shajapur
SR,Shakarpur
SLI,Shamli
SHS,Shamshi
SHJ,Sharjah
SHG,Shegaon
SHE,Sheikhpura
SHU,Sheopur
SLG,Shillong
SHM,Shimla
SHI,Shimoga
SHL,Shiralkoppa
SHD,Shirdi
SHN,Shirgaon
SIRUR,Shirur
ZUK8,Shiur Bangla
ZUP2,Shivamogga
SHV,Shivare
SHP,Shivpuri
SHO,Shoranur
SEI,Shringeri
SHR,Shrirampur
ZUU3,Shrirampur Nagar
ZVJ63,Shukrawar Peth
SHY,Shyam Nagar
SGG,Siang
SIB,Sibsagar
SDP,Siddappur
ZVK11,Siddepet
SIP,Siddhapur
SID,Siddipet
SDI,Sidhi
ZVJ20,Siiddipet
SKR,Sikar
SI,Sikkim
SIA,Silichar
SIL,Siliguri
SILV,Silvassa
SLA,Silvassa .
SDA,Simdega
SIM,Simla
SML,Simlaguri
SIN,Sindagi
SNR,Sindhanur
SDG,Sindhudurg
SGR,Singrauli
ZUM0,Sira
SIH,Sirhind
SMO,Sirmour
SOH,Sirohi
SIS,Sirsa
ZUY3,Sirsa.
SIR,Sirsi
SIT,Sitapur
ZVK87,Sivagangai
ZVJ77,Snehalata Ganj
SOJ,Sojat
SOL,Solan
SP,Solapur
SMW,Someswaram
SON,Sonapur
SPT,Sonipat
ZVJ43,Sonipet
STP,Sonitpur
ZVJ11,South Delhi
SGO,South Goa
ZVI85,South West Delhi
SGN,Sri Ganganagar
SRC,Sricity Dtz
SRK,Srikakulam
SHK,Srikarikota
SRG,Srinagar
SRU,Srungavruksham
SBI,Subansiri
ZUO3,Subramanya
ZVJ65,Sugatur
SUI,Sullia
SUL,Sultanpur
ZVH6,Sulthan Bathery
SUB,Sulthanbathery
SULL,Sulurpet
SUN,Sunam
SUD,Sundernagar
ZVC5,Supa
SRJ,Surajpur
SRT,Surat
SUG,Suratgarh
SDR,Surendernagar
ZUY4,Surendrangar
SUR,Suri
SUP,Suryapet
SYR,Syracuse
ZVI95,Tadepalligudem
TAD,Tadipatri
ZVJ68,Tal.Malegaon
TAL,Talayolaparambu
TAC,Talcher
ZVG3,Taliparamba
ZUL6,Taloja
TWA,Talwara
ZVK72,Tambaram
ZUN8,Tandur
TKU,Tanuku
ZUJ63,Tapi
TAP,Tapukara
TRT,Tarantaran
ZUW5,Tarapur
TRE,Tarikere
TAR,Tarsali
TAS,Tasgaon
TAV,Tavarekera
TAW,Tawang
ZVJ32,Teen Hath Naka
ZVC4,Telangana
TPL,Telaprolu
TEL,Tellicherry
TZP,Tezpur
TJJ,Thajjar
TLY,Thalaserry
ZVK02,Thambanur
TNE,Thane
ZVJ61,Thane West
TNH,Thangadh
ZVK66,Thanjavur
THE,Thekaddy
TNI,Thenali
TSY,Thikshey
THR,Thirpunitra
ZVJ66,Thiruanthapuram
ZVK61,Thiruvallur
TVP,Thiruvananthapuram
TPZ,Thodupuzha
ZVK64,Thoothukkudi
TH,Thrissur
TKG,Tikamgarh
TIN,Tinsukia
TPP,Tiptur
ZVK56,Tiruchirappalli
ZVK59,Tirunelveli
TPI,Tirupathi
ZUV2,Tirupati
ZVK84,Tirupattur
ZVK60,Tiruppur
TRU,Tirur
ZVK76,Tiruvannamalai
ZVK62,Tiruvottiyur
TIRU,Tiruvur
TLT,Titlagarh
TON,Tonk
ZVI86,Tottumugham
TRIU,Trichur
TPY,Triprayar
TPA,Tripunithura
TVN,Trivandram
ZVJ52,Tumakuru
TUM,Tumkur
TUN,Tuni
UDA,Udaipur
ZUN1,Udamsinghnagar
UGR,Udham Singh Nagar
UDH,Udhampur
UDI,Udipi
UDU,Udupi
UNG,Udyog Nagar
UJJ,Ujjain
ULH,Ulhas Nagar
UMA,Umaria
UMB,Umbergaon
UMR,Umreth
UNA,Una
USA,United States
UNJ,Unjha
UNN,Unnao
ZVD2,Usa
UTA,Utah
UT,Utarsanda
UTT,Uttam
ZVA0,Uttar Pradesh
ZUP3,Uttara
ZVJ60,Uttarakhand
UAT,Uttarsanda
UTR,Uttranchal
VGR,Vadagara
VA,Vadali
VAD,Vadodara
VAI,Vaikom
VLI,Vaishali
ZVJ98,Vaishali Nagar
VRY,Valancherry
VLH,Vallabh Vidyanagar
VAL,Valsad
VAP,Vapi
ZVJ99,Varachha Surat
VSI,Varanasi
VAR,Varangode
ZVJ31,Variety Square Sitabuldi
VKL,Varkala
VASI,Vasai
VDG,Vasco Da Gama
ZVK13,Vashi Navi Mumba
ZVJ87,Vashi Navi Mumbai
ZVJ16,Vashinavi Mumbai
ZVK71,Vellore
ZVG4,Vengola
VER,Veraval
ZVE2,Verna
VET,Vettimuval
VID,Vidisha
VJP,Vijapur
VJH,Vijayanagharam
ZUN4,Vijayapura
VIJ,Vijayawada
S,Vikarabad
VIK,Vikrabad
VIA,Virajpet
VRM,Viramgam
VRR,Virar-Mumbai
VIG,Virginia
ZVK79,Virudhunagar
VSH,Visakhapatnam
VPA,Visannapeta
ZVJ53,Vishapatnam
ZVJ93,Viskhaptnam
VIS,Visnagar
VIT,Vithaludyognagar
VIZ,Vizag
VIZI,Vizianagaram
ZVA9,Vododara
VUY,Vuyyuru
ZVJ64,Vyara
WDN,Wadhwan
WAD,Wadi
ZUX3,Wai
WAI,Waidhan
ZUR7,Waluj
WAR,Warangal
WDH,Wardha
WAS,Washim
WA,Washington
WAU,Waukesha
WAY,Wayanad
ZUY7,West Bangal
WEG,West Goadavari
ZVI76,West Godavari
WGD,West Godavari Dt
ZUI8,West Singhbhum
ZVE7,Wheeling
WHI,Whitefield
WIL,Wilmington
ZVE0,Winona
ZUO2,Yadadri
YAD,Yadgir
YAW,Yadwad
YAM,Yammuna Nagar
ZUV9,Yamunanagar
ZVK90,Yanam
YAN,Yananm
YVT,Yavatmal
ZUL8,Yellapur
ZAH,Zaheerabad
ZRK,Zirakpur
ZRO,Ziro
ZVJ26,Jaipur
